{
  "data": {
    "adapter_disc_in_1_True_150_5_20": [
      {
        "raw": [
          587.5,
          -350.0,
          7.0,
          0.0,
          0.0,
          90.0
        ],
        "corrected": [
          586.6827621214636,
          -350.4775770666232,
          7.742702487263614,
          -1.2382052401456203,
          -0.41410292486406525,
          89.97827661558729
        ]
      },
      {
        "raw": [
          362.5,
          -350.0,
          7.0,
          0.0,
          0.0,
          90.0
        ],
        "corrected": [
          361.71389865676565,
          -350.70707741292017,
          7.515359244983374,
          -1.3237367472300199,
          0.0281426358209781,
          89.96542758112089
        ]
      }
    ],
    "adapter_disc_in_2_True_150_5_20": [
      {
        "raw": [
          587.5,
          -300.0,
          7.0,
          0.0,
          0.0,
          90.0
        ],
        "corrected": [
          586.4823140450262,
          -300.03740740882836,
          7.24160902425527,
          -0.7484081512062801,
          -0.011020839225005777,
          89.99304812364585
        ]
      },
      {
        "raw": [
          362.5,
          -300.0,
          7.0,
          0.0,
          0.0,
          90.0
        ],
        "corrected": [
          361.260852057317,
          -300.11866192398213,
          7.0035764581804525,
          -0.3606952619865386,
          -0.19256207628271765,
          89.9952013318192
        ]
      }
    ],
    "adapter_disc_out_good_1_True_150_5_20": [
      {
        "raw": [
          587.5,
          -250.0,
          7.0,
          0.0,
          0.0,
          90.0
        ],
        "corrected": [
          585.5295236805937,
          -249.8044039099562,
          7.25373547948058,
          0.851211042674168,
          -0.051087662517672994,
          89.9959582403663
        ]
      },
      {
        "raw": [
          362.5,
          -250.0,
          7.0,
          0.0,
          0.0,
          90.0
        ],
        "corrected": [
          360.4489432235843,
          -249.8438159912156,
          7.01656611566586,
          0.9173737311511356,
          -0.34439779574644935,
          89.99550864690059
        ]
      }
    ],
    "adapter_disc_out_good_2_True_150_5_20": [
      {
        "raw": [
          587.5,
          -200.0,
          7.0,
          0.0,
          0.0,
          90.0
        ],
        "corrected": [
          585.3669422144734,
          -200.1085423404683,
          7.503853104635058,
          0.10734984600287507,
          -0.1377262800500211,
          89.9998396672026
        ]
      },
      {
        "raw": [
          362.5,
          -200.0,
          7.0,
          0.0,
          0.0,
          90.0
        ],
        "corrected": [
          360.28383516026696,
          -200.23390719087377,
          7.244699935662784,
          0.08428320833947787,
          -0.2129325761582838,
          89.99995427865368
        ]
      }
    ],
    "adapter_disc_out_bad_1_True_150_5_20": [
      {
        "raw": [
          587.5,
          -150.0,
          7.0,
          0.0,
          0.0,
          90.0
        ],
        "corrected": [
          585.7570315619413,
          -149.75175853578827,
          7.546293238135517,
          -0.18395419374695002,
          0.0629456946044654,
          89.99978859670695
        ]
      },
      {
        "raw": [
          362.5,
          -150.0,
          7.0,
          0.0,
          0.0,
          90.0
        ],
        "corrected": [
          360.37487434876834,
          -149.56909636168606,
          7.234457003529192,
          0.049967918793670504,
          0.1015800460379381,
          89.99963476293685
        ]
      }
    ],
    "anode_1_True_150_5_5": [
      {
        "raw": [
          256.25,
          -337.5,
          113.24,
          0.0,
          0.0,
          0.0
        ],
        "corrected": [
          256.76600935059963,
          -336.2373349865215,
          112.84142778046399,
          1.548178129007035,
          0.30985818287740613,
          0.004176145524969195
        ]
      },
      {
        "raw": [
          256.25,
          -237.5,
          113.24,
          0.0,
          0.0,
          0.0
        ],
        "corrected": [
          257.3528771025752,
          -236.49617763316525,
          113.61641192238578,
          -0.26502874576489777,
          -0.22177860840711974,
          0.0005524459115872809
        ]
      }
    ]
  },
  "delta": {
    "adapter_disc_in_1_True_150_5_20": [
      0.0,
      0.0,
      0.0
    ],
    "adapter_disc_in_2_True_150_5_20": [
      0.0,
      0.0,
      0.0
    ],
    "adapter_disc_out_good_1_True_150_5_20": [
      0.0,
      0.0,
      0.0
    ],
    "adapter_disc_out_good_2_True_150_5_20": [
      0.0,
      0.0,
      0.0
    ],
    "adapter_disc_out_bad_1_True_150_5_20": [
      0.0,
      0.0,
      0.0
    ],
    "anode_1_True_150_5_5": [
      0.0,
      0.0,
      0.0
    ]
  }
}